{"cameraMode":{"drawMode":0,"name":"Shaded","section":"Shading Mode"},"sceneLighting":false,"audioPlay":false,"sceneViewState":{"m_AlwaysRefresh":false,"showFog":true,"showSkybox":false,"showFlares":true,"showImageEffects":true,"showParticleSystems":true,"showVisualEffectGraphs":true,"m_FxEnabled":true},"in2DMode":false,"pivot":{"x":-0.2907891869544983,"y":1.4356956481933594,"z":-0.8597188591957092},"rotation":{"x":-0.0015268023125827313,"y":-0.997380793094635,"z":-0.022136764600872995,"w":0.0692191794514656},"size":1.250514268875122,"orthographic":false}