{"cameraMode":{"drawMode":0,"name":"Shaded","section":"Shading Mode"},"sceneLighting":true,"audioPlay":false,"sceneViewState":{"m_AlwaysRefresh":false,"showFog":true,"showSkybox":true,"showFlares":true,"showImageEffects":true,"showParticleSystems":true,"showVisualEffectGraphs":true,"m_FxEnabled":true},"in2DMode":false,"pivot":{"x":12.664460182189942,"y":3.854926109313965,"z":24.411779403686525},"rotation":{"x":0.01832510530948639,"y":-0.9801712036132813,"z":0.16503700613975526,"w":0.10891102999448776},"size":0.9533783197402954,"orthographic":false}