{"cameraMode":{"drawMode":0,"name":"Shaded","section":"Shading Mode"},"sceneLighting":true,"audioPlay":false,"sceneViewState":{"m_AlwaysRefresh":false,"showFog":true,"showSkybox":true,"showFlares":true,"showImageEffects":true,"showParticleSystems":true,"showVisualEffectGraphs":true,"m_FxEnabled":true},"in2DMode":false,"pivot":{"x":-19.326305389404298,"y":12.460012435913086,"z":9.960463523864746},"rotation":{"x":0.09740996360778809,"y":0.8844652771949768,"z":-0.21363112330436707,"w":0.40327784419059756},"size":0.3953147530555725,"orthographic":false}