{"cameraMode":{"drawMode":0,"name":"Shaded","section":"Shading Mode"},"sceneLighting":true,"audioPlay":false,"sceneViewState":{"m_AlwaysRefresh":false,"showFog":true,"showSkybox":true,"showFlares":true,"showImageEffects":true,"showParticleSystems":true,"showVisualEffectGraphs":true,"m_FxEnabled":true},"in2DMode":false,"pivot":{"x":7.192197322845459,"y":29.009910583496095,"z":11.578495979309082},"rotation":{"x":0.10225247591733933,"y":-0.8440300226211548,"z":0.49733152985572817,"w":0.17319239675998689},"size":0.3464100956916809,"orthographic":false}