{"cameraMode":{"drawMode":0,"name":"Shaded","section":"Shading Mode"},"sceneLighting":true,"audioPlay":false,"sceneViewState":{"m_AlwaysRefresh":false,"showFog":true,"showSkybox":true,"showFlares":true,"showImageEffects":true,"showParticleSystems":true,"showVisualEffectGraphs":true,"m_FxEnabled":true},"in2DMode":false,"pivot":{"x":-1.4986379146575928,"y":-0.30771321058273318,"z":2.749741315841675},"rotation":{"x":0.0032757751177996399,"y":0.14349877834320069,"z":-0.00047542975516989827,"w":0.989656388759613},"size":2.2908241748809816,"orthographic":false}