{"cameraMode":{"drawMode":0,"name":"Shaded","section":"Shading Mode"},"sceneLighting":true,"audioPlay":false,"sceneViewState":{"m_AlwaysRefresh":false,"showFog":true,"showSkybox":false,"showFlares":true,"showImageEffects":true,"showParticleSystems":true,"showVisualEffectGraphs":true,"m_FxEnabled":true},"in2DMode":false,"pivot":{"x":-0.006378531455993652,"y":0.1465783417224884,"z":0.03020995855331421},"rotation":{"x":0.014401075430214405,"y":0.984524667263031,"z":-0.09809638559818268,"w":0.14457084238529206},"size":0.3620317280292511,"orthographic":false}